firstName,middleName,lastName,socialSecurityNumber,dob,street,city,state,zip,hireDate,phoneNumber,contactName,relation,emergencyPhoneNumber
Greg,Lacy,Veitch,721699442,April 12 1984,0 Ruby Drive,CLARIDGE,PA,15623,August 9 1987,642663539,Phung Spiegel,parent,815768111
Minda,Gary,Mefferd,415638593,February 23 1966,0 Off Steck Bottom Road,TOLEDO,OH,43666,July 25 2004,345840308,Hannah Faris,child,924088529
Winston,Maurita,Room,257002952,September 28 1950,1440 Tauber Lane,HAZARD,KY,41702,August 20 1987,199197666,Davis Sisavath,extended family,172950228
Tawanda,Earleen,Febus,307083346,March 19 1990,8848 Bleiblerville Road,FLOMATON,AL,36441,February 17 2016,367214601,Bob Vanalstyne,other,730484618
Marty,Isidra,Leggins,879855669,October 2 1954, ,TOHATCHI,NM,87325,March 7 2007,118380269,Nerissa Wolansky,other,239139474
Shan,Jenelle,Vreeken,742539032,May 17 1952,3368 Sealy Road,TAYLOR PARK,CO,81210,July 22 2013,580548264,Tam Duva,friend,802829048
Hortencia,Gayla,Leza,388900356,June 13 1960,2016 Royal Court,NORTH PRAIRIE,WI,53153,July 12 2013,504440177,Renate Poss,spouse,422133871
Lisette,Lyn,Waddouds,437470685,November 26 1957,1049 Pecan Street,TAD,WV,25201,October 17 2013,517860917,Lang Karpen,friend,911717813
Roxanne,Michal,Lipira,616657459,November 12 1987,1258 Ives Creek Road,WOODLAWN,TN,37191,February 28 1992,444228717,Lang Spirito,extended family,893812366
Noah,Renaldo,Lotto,346316288,December 10 1987,6806 Marek Street,KANSAS CITY,MO,64193,July 20 2015,903705423,Franklin Quintona,other,702318848
Leah,Howard,Goecke,476794023,January 17 1994,0 River Road,TORONTO,SD,57268,April 27 1994,296534162,Nicolas Oyler,friend,145774617
Delois,Christy,Kendrix,408906085,May 26 1975, ,UTICA,NY,13501,May 18 2007,898158494,Burton Jone,friend,331459596
Loretta,Jeffry,Hanneman,113831457,March 14 1952,0 Pecan Grove Road,ONTARIO,CA,91764,December 9 1992,178729570,Loriann Faraimo,spouse,999697244
Jamila,Lourdes,Baldon,637719859,November 28 1988,0 South Holland Street,RHODHISS,NC,28667,September 14 2005,894381152,Celestine Chaddlesone,sibling,734716722
Denae,Norene,Tenamore,864661835,November 15 1984, ,JANE,MO,64856,July 18 1995,269308047,Eugene Bastian,sibling,794848056
Elsa,Cheree,Falvo,300574980,April 18 1985, ,CAHONE,CO,81320,December 2 1997,211768304,Wanda Dua,friend,993909035
Joi,Gayle,Pociask,215416197,December 23 1975,7620 Stokes Road,WELLS FARGO,AL,35290,January 6 2002,120916975,Elena Colasante,spouse,467430909
Shondra,Dirk,Bein,149275991,February 11 1975,0 Blezinger Road,ANDOVER,ME,4216,May 11 1990,997721466,Winter Heydt,friend,944345071
Brooks,Carly,Digangi,179854910,January 25 1974,1945 Settlers Way,EL DORADO SPRINGS,MO,64744,April 1 1995,976283157,Sherlene Purdon,extended family,134569090
Audria,Cruz,Bunner,104895304,October 24 1959,8479 Fm 529,BOONVILLE,NC,27011,February 14 2012,923770191,Kaila Vanuden,spouse,529046981
Anglea,Jerrod,Yeatts,490139755,August 28 1969,4878 Northeast I-10 Frontage Road,SO CENTRAL BELL,AL,35299,August 2 2004,878318354,Sammy Goretti,friend,994790348
Leena,Gustavo,Reda,190655175,February 18 1961,10512 Zaruba Road,HACKBERRY,AZ,86411,September 23 1995,260625162,Leida Tott,child,790074537
Rashida,Mercedes,Kamal,767152512,May 5 1954,12507 Thielemann Road,HUNTINGTON,WV,25701,October 22 2001,718539768,Ronnie Seitz,sibling,575311346
Margrett,Marylee,Tototzintle,908234747,August 16 1995,0 Coshatte Road (Off Of),GSA CONSUMER PRODUCTS INFO,DC,20469,June 19 1991,753195284,Laquita Sherles,friend,937060681
Jere,Dana,Tibbles,575933078,December 4 1974,1802 Main Street,MCMICKEN HEIGHTS,WA,98188,June 8 2000,226006217,Kathryn Jewett,parent,561127183
Marti,Fran,Arron,160567084,October 5 1987,7203 Hwy60,SIDNAW,MI,49961,August 24 1995,213004473,Eulalia Camaeho,parent,163127937
Kristian,Josette,Houch,908747535,November 17 1985,111 Briar Ridge Drive,FROST TOWN,LA,71234,March 8 1991,336959306,Fermin Enslen,friend,972224503
Clora,Odette,Cottom,810087389,June 28 1959,2044 Willow Road,EATON RAPIDS,MI,48827,August 17 1993,360104000,Matthew Eredia,sibling,387411917
Kris,Enedina,Mcnicholas,921126371,July 21 1978,10170 Fm 949,WEST FINLEY,PA,15377,August 12 2013,826420664,Carmel Guinyard,child,151924164
Leone,Felicita,Kuwahara,725653582,March 8 1988,20196 Fm 1094,PAYSON,UT,84651,August 20 1997,698728916,Clara Caseman,spouse,301335424
Chassidy,Josh,Henricks,958235293,September 20 1952,7146 Highway 60,CORNETTSVILLE,IN,47568,November 18 1992,723707395,Therese Gilling,spouse,253629465
Cheri,Yuk,Dominici,362127721,November 22 1973,0 Fm 2502,MOCKNGBRD VLY,KY,40207,July 12 1991,605770865,Tamekia Klemm,friend,428356464
Sandi,Sharita,Bertoncini,194396130,December 3 1994,0 Beckendorff Road (Off Of),GLENDALE SPGS,NC,28629,February 15 1990,669212802,Reggie Mynear,parent,675751079
Brooks,Felica,Redkey,955463422,October 24 1986,221 Village Drive,OVERTON,NV,89021,September 6 2010,464745164,Shelli Handly,friend,180892508
Brenton,Ashlyn,Mazikowski,697635901,October 15 1986,1457 Oil Field Road,SADDLEBROOKE,AZ,85739,June 7 1991,718311540,Randall Mcneme,friend,679384553
Louis,Oma,Leasher,623110626,October 25 1986, ,DAWN,MO,64638,November 5 1996,442369684,Randell Geib,parent,906179345
Mafalda,Kristyn,Maginn,364924240,October 7 1992,6306 Dubose Street,OLD SHAWNEETOWN,IL,62984,April 11 2004,926784532,Cassaundra Eddins,other,812947911
Gina,Muriel,Soter,278081178,May 24 1956,6115 Bowers Street,HOMESTEAD NATIONAL MONUMENT,NE,68310,February 1 2016,893135758,Meryl Oldaker,other,958567285
Jean,Thomasina,Romero,429312623,January 9 1959, ,WEST ONE BANK,ID,83727,January 10 2004,801049780,Letty Lutkins,child,468404064
Cherelle,Flossie,Mosbey,787011686,December 4 1971,0 Highway 36,OMAHA DOUGLAS CIVIC CTR,NE,68183,January 31 2006,488259388,Tamica Birkhimer,friend,558742282
Loma,Venetta,Helvie,955500865,March 19 1954,6926 Harry Street,GRAND RAPIDS,MN,55730,August 13 2011,204501220,Brittny Cother,other,359289010
Frankie,Ligia,Ceo,593345430,September 15 1980,613 Westview Terrace Drive,GRAYLING,MI,49738,July 19 2002,409023548,Leonore Mcgwin,sibling,301072376
Awilda,Cherry,Zielesch,839355068,August 28 1997, ,BRANDON,SD,57056,August 10 1991,640605398,Coleen Keilholtz,extended family,969374462
Shantae,Meta,Muckelroy,750103194,May 5 1991,0 Lake Road,BRUCETOWN,VA,22622,June 16 2004,966553152,Mireille Michelin,other,735147148
Della,Marty,Ehli,144446632,September 29 1958,0 Miller Road,RISING STAR,TX,76471,December 10 1994,594729407,Robin Bertone,parent,898683142
Tony,Tiera,Simoneavd,249830164,May 29 1995, ,NEW YORK,NY,10256,October 29 2005,317248536,Titus Dewese,spouse,573961898
Claudio,Amada,Perotta,315578790,March 4 1975,7673 Fm 529,GRAFTON,NY,12082,October 10 2010,994056108,Alissa Street,friend,980450758
Amberly,Fidela,Pannenbacker,437836458,May 16 1950,5351 Colony Drive,LINDEN,NJ,7036,November 18 1998,928110367,Georgianna Nassef,extended family,402400891
Carla,Marcia,Heine,737249775,November 4 1954,827 South Holland Street,ATL,GA,30339,September 27 2015,920902740,Nathan Unsell,friend,656639356
Alexander,Howard,Srivastava,557876354,April 17 1986,0 Fm 1456,SCHELLSBURG,PA,15559,January 19 2007,412638437,Waldo Faherty,spouse,669933122
Lisa,Kacy,Nock,571749272,February 15 1982,104 Wild Phlox Drive,ELK CITY,OK,73644,May 31 2002,795253875,Pierre Oyellette,extended family,152329803
Analisa,Tyler,Monarca,914452746,March 26 1980,445 Fm 109,KENDALLVILLE,IA,52136,November 28 1990,945422832,Lianne Naegle,friend,430924489
Jayna,Kim,Brandly,245707884,September 7 1972, ,INGLEWOOD,FL,34223,February 19 1990,381744630,Belinda Elridge,spouse,450780064
Verna,Vicki,Snedden,873948841,February 4 1979,0 Sowa Road,PERRYTON,TX,79070,November 16 1994,372463576,Pandora Montera,other,435807393
Lou,Zackary,Parmentier,819970890,July 12 1983,15365 Hartman Lane,BUFFALO,OK,73855,May 9 1988,402515491,Hae Kentner,friend,134584959
Valeri,Willa,Karn,947169659,June 11 1976,0 Highway 159 West,DELIGHT,NC,28090,June 7 2001,851074015,Nathaniel Brano,spouse,603581105
Jerica,Tessie,Peeks,201134024,October 19 1994,2454 Teleford Lane,E ARLINGTON,VT,5252,May 11 1988,576577520,Evelin Sterpka,friend,766108179
Leda,Aldo,Hebets,251457231,April 10 1997,1343 Orange Hill Road,EL MONTE,CA,91732,March 24 1990,275311141,Hyacinth Baun,spouse,508733770
Romeo,Nakesha,Shappen,745387963,August 3 1966,221 North Baron,DEDHAM,IA,51440,August 21 2005,908281767,Erica Verrell,parent,447510231
Annalee,Norma,Tinkler,792591974,May 30 1976,914 Atchison Street,CARSON CITY,NV,89701,August 13 2000,903531666,Lucila Minion,other,767604332
Nobuko,Giuseppina,Deluney,588830828,December 18 1969,0 Briar Ridge Drive,JAX,FL,32214,December 25 1993,710323768,Pamula Kleinberg,child,341035967
Gianna,Aide,Everding,109917502,May 29 1977,10519 Hosak Road,MANHATTAN,NY,10104,February 8 2002,598134004,Darell Bachmeier,spouse,795303882
Yulanda,Blair,Pulos,971427442,March 7 1996,0 Fm 3013,SAWYER,KS,67134,May 21 2015,942016918,Rolanda Lawrey,spouse,880959722
Lorine,Margrett,Reidler,515670536,February 26 1959,2871 Highway 36 North,CARTHAGE LAKE,IL,61425,November 29 2006,493991830,Darcy Scalzo,friend,945391227
Cyndy,Winona,Kea,223556506,March 13 1997, ,BARNESVILLE,MN,56514,August 19 1995,841354560,Doyle Sullivant,extended family,755359095
Warren,Rufus,Burley,627944593,November 15 1950,0 Fm1093,ROBBINSDALE,MN,55422,August 19 2010,922622865,Tess Siket,friend,522286180
Maxine,Lina,Shenker,859769476,March 28 1995,0 Camilla Circle @ Lola Lane,SOUTH BURLINGTON,VT,5407,June 8 1991,523107550,Billi Hesby,spouse,337782493
Candice,Malissa,Osoria,441084306,November 6 1997,1116 Old Nelsonville Road,RENO,MN,55919,December 11 1997,760823646,Brooke Angeron,child,638580015
Lynwood,Patience,Scacco,490100347,January 16 1987,560 Piney Creek Road,WACO,GA,30182,September 13 1985,146768654,Shantae Kettler,child,963410186
Cherise,Tabatha,Oldani,916054211,March 24 1954,14788 Fm 1458,VIRGINIA BEACH,VA,23464,January 18 1988,833321059,Shaneka Loughran,parent,654581322
Walker,Isabell,Luquette,567064415,February 12 1986,4771 Morning Dove Lane,CASCADE,WI,53011,June 7 2009,142884268,Julissa Prows,child,852439851
Barbra,Alvera,Viets,773346279,June 1 1952,1011 Trenckmann Road,RALEIGH,NC,27634,August 16 1996,452871684,Augustine Keely,other,700165947
Fernanda,Londa,Cali,849355769,July 25 1965,729 Travis Road,PELETIER,NC,28584,October 27 1988,337983612,Soraya Pates,friend,714551859
Rosemarie,Maxie,Talas,872615637,December 28 1970,315 Anderson Street,BUTLER,OH,44822,February 10 2001,813045012,Dario Buckey,extended family,114771476
Bill,Cecelia,Milliner,180121669,September 28 1966,1003 Long Bow Road,INGLEWOOD,CA,90310,June 26 1994,774127240,Ola Lindelof,sibling,425256879
Marcus,Jeanie,Blackstone,105234417,April 24 1962,8393 Bermuda Street,HOWARDS GROVE BR #4,WI,53083,February 12 2000,979454692,Jospeh Delanoche,friend,311614814
Mamie,Leonardo,Campany,558422545,September 15 1993,10713 Hoff Road,CLOVER,MN,56652,September 27 2010,464698002,Hilma Finkelstein,child,848970019
Cecil,Bertram,Budzinski,570535351,April 19 1968,516 South Holland Street,DEERSVILLE,OH,44693,June 7 2004,636193341,Graig Cinquanti,spouse,249279262
Opal,Eilene,Griblin,272877819,April 2 1955,0 South Front Street,HOLLYWOOD,FL,33332,September 5 1997,322530077,Steven Center,other,919496850
Eileen,Leonore,Crummedyo,364325214,August 23 1953,600 Andrews Street,ATL,GA,30359,May 24 1997,603356494,Tatyana Strozzi,child,886016029
Sherlene,Nana,Creekbaum,273290198,January 18 1962,727 Travis Street,PINEOLA,NC,28662,February 16 2006,997333894,Theda Prosienski,child,449404175
Sixta,Bernadine,Sanna,163364973,September 4 1956,579 Fm 1456,MAYFAIR,IL,61550,November 23 2013,527422112,Kelsi Bickham,child,968672877
Stevie,Stuart,Genualdo,371908755,May 24 1966,655 Bending Oaks Drive,BELLEVUE,NE,68133,July 6 2011,847584684,Fabian Jiminez,extended family,172061701
Sandra,Verline,Mongelli,924457621,March 23 1969,424 West Main Street,UBET,WI,54009,September 4 2000,473436712,Dylan Bisagna,friend,724274216
Ethyl,Lorriane,Stuard,694548653,November 5 1992,1209 North Meyer Street,SAINT PAUL,MN,55146,December 8 2008,776994575,Gisele Tallon,child,769001895
Ruthie,James,Harpole,737514756,September 1 1967,8487 Bermuda Street,CLARKSBURG,MA,1247,December 13 1999,991933032,Aleshia Torbert,extended family,344047679
Hillary,Ashleigh,Rosentrater,582582148,July 28 1981,0 Eveline Road,LEMOYNE,PA,17043,November 15 1993,490213410,Terrilyn Clingenpeel,friend,269108996
Alaina,Berenice,Ruggiere,732881158,January 16 1975,6565 Beckendorff Road,IDAHOME,ID,83323,June 23 2016,155696308,Karlyn Mammucari,spouse,579170311
Denise,Layla,Simister,680341633,January 1 1955,0 Svoboda Road,EDGEWATER,WI,54834,August 31 2014,667773455,Bridgette Scoma,sibling,441910856
Elisha,Samira,Davern,572117568,April 1 1984,0 Granada Road,VANCOUVER,WA,98663,February 19 1985,434266274,Dia Ogaz,other,867684336
Lemuel,Mason,Bruderer,115153937,May 26 1954,2114 Lauren Lane,CAMERON,NY,14819,January 17 2013,151212574,Ahmed Mckew,spouse,935239972
Renea,Nida,Bau,174642864,June 30 1980,2125 Highway 159 East,HOT SPGS VL,AR,71909,December 21 2013,305714772,Rochelle Hoback,sibling,531829947
Richelle,Kindra,Roskelley,686423368,September 20 1997,7716 Red Bird Road,NEWBURG,PA,17240,December 16 1998,138925534,Sherri Lubelski,parent,216522176
Sonya,Mathilde,Ngyun,699826417,November 17 1974,0 Bowie Street,NAUVOO,AL,35578,June 17 1991,965008609,Lindsy Oschmann,other,784328336
Alisa,Marketta,Tarbell,559194475,April 23 1994, ,LODI,CA,95242,May 27 2007,568185190,Cecily Burle,child,279150834
Brigitte,Sindy,Vandevanter,313443373,June 21 1994, ,OKC,OK,73139,July 27 1994,331332796,Jaquelyn Steinharter,parent,356719311
Candance,Erwin,Aamodt,100698075,February 9 1979,1783 Kayleen Lane,LEMPSTER,NH,3605,March 28 1998,943964028,Beverly Pesce,spouse,531454902
Gema,Merrill,Soricelli,190441988,November 20 1985, ,MISSION RAFAEL,CA,94915,June 29 2012,849222870,Emory Archibeque,parent,569454549
Tanna,Merrill,Rossler,285686965,August 3 1960,0 Shunka Road,LAFAYETTE,IN,47901,June 11 2014,339128576,Alaina Laipple,friend,329752982
Taina,Tamar,Beauparlant,112743263,April 13 1954,246 South Lantana Circle,ORAVILLE,IL,62971,December 23 2010,822286430,Siobhan Kuchera,friend,944745410
Tanner,Ezequiel,Desantiago,219016722,May 20 1987,8671 Kloss Road,GANDY SPUR,LA,71429,September 6 1986,350170213,Demetrius Canney,parent,381422084
Dominga,Olimpia,Bruski,304754548,May 11 1980,3795 College Street,MOUNT WASHINGTON,OH,45230,September 1 2004,176673308,Justina Skibinski,friend,972776116
Carlos,Jesica,Ragain,208972911,August 14 1964,0 Highway 36 South,SKUNKHOLLOW,AR,72032,September 8 2000,938206181,Amal Wide,child,984756661
Allison,Maricela,Preskar,352326533,March 18 1955,2169 Main Street,KENNETH COPELAND MINISTRIES,TX,76192,June 26 1999,573205693,John Oken,sibling,969369785
Luciano,Debra,Campobasso,960274714,May 26 1955,303 Briar Ridge Drive,TALLULAH,LA,71282,September 8 1995,905305390,Earline Tozloski,parent,194044745
Ceola,Tisha,Bertog,888348554,June 17 1992,6111 Kenny Lane,WORLAND,WY,82430,December 3 1997,832066834,Oretha Drumm,other,859025305
Toshiko,Afton,Vollmer,715426189,March 6 1955,1553 Bell Oaks Drive,CHARMIAN,PA,17214,April 21 2016,663470988,Daisy Barriger,other,978574668
Lynetta,Ulrike,Grandstaff,213829025,March 5 1969,803 North Meyer Street,SPRAGUE,WA,99017,January 24 2009,797972605,Gabriela Busalacchi,friend,717851803
Aleshia,Glynis,Krainbucher,741999035,September 22 1981,13500 Homestead Lane,MOBRIDGE,SD,57601,January 7 2016,908489805,Elisha Zingale,friend,959480866
Denisha,Corina,Urquiza,694355764,July 22 1958,915 East Hacienda Street,SPOKANE,WA,99206,October 10 1991,213548999,Rod Curia,friend,663679434
Justin,Etsuko,Gannoe,662319551,July 29 1990,9693 Korthauer Road,ROGUE ELK,OR,97451,May 15 2004,347421406,Williams Abdulkarim,parent,258142237
Marcelino,Oretha,Groff,813915059,September 2 1986,1190 Peters San Felipe Road,OLDSMOBILE,MI,48921,February 21 2011,126890586,Gwenda Habel,friend,868819639
Emerita,Candance,Grothoff,532632560,February 17 1980,0 Druid Lane,MOUNTAIN BRK,AL,35210,July 11 1996,779263893,Eleonora Klos,extended family,922412090
Tonisha,Merlin,Echevaria,440256629,November 17 1954, ,NORMAN RANCH,SD,57532,February 25 2016,989588708,Kaye Ozenne,friend,438823971
Lawanda,Elouise,Cushen,368804427,June 6 1984,0 Anita Lane,CATAWBA HEIGHTS,NC,28012,December 18 2011,149258290,Celena Handshoe,friend,233861635
Elsy,Monnie,Stepps,415836774,December 5 1969,12695 Bedner Road,FENWICK,WV,26202,July 14 1990,193449539,Vaughn Balcerzak,parent,778324162
Andrew,Odis,Stelmach,163618151,February 5 1976,0 Walnut Drive,GILBY,ND,58235,February 5 1990,792773197,Bo Pedrosa,spouse,860481952
Jewel,Ava,Pecora,116817631,September 29 1977,1009 Terrazas Lane,ONE AMER PL,LA,70825,June 7 1985,998154389,Yael Duperclay,extended family,593739508
Lance,Fiona,Forbach,161256616,October 26 1989,0 Bowie Street,AKRON BUSINESS REPLY,OH,44398,December 14 1995,832575894,Judith Hofe,friend,648368931
Jenell,Shonna,Gaete,149036030,June 5 1960,0 Rocky Road,OSBORN,MS,39759,November 17 2000,854677312,Robert Weathersbee,spouse,939362649
Malcolm,Delmy,Cutchall,723154249,July 7 1995,738 East Hill Street,SERENA,IL,60549,June 30 1986,169819199,Erin Hagwood,extended family,634704845
Li,Shakita,Piermatteo,177115545,August 12 1990, ,WELLTON,AZ,85356,November 19 2016,577729967,Jodee Rachar,extended family,136069259
Carman,Love,Sitton,397447947,October 11 1964,0 Lesikar Lane,FPO,AP,96510,March 31 2001,513956869,Elena Huson,friend,578182916
Gala,Shellie,Kethcart,912249754,December 18 1951,216 Schmidt Road,GORST,WA,98337,May 25 2012,248151078,Kayleigh Geringer,other,404567015
Dick,Lakia,Rakow,364138645,January 18 1977,7742 Highway 36 North,KIEF,ND,58723,September 29 2016,378193427,Anya Danielovich,spouse,505666134
Kera,Kristian,Brunz,340338054,June 19 1997,3954 Sealy Road,MAYFIELD,MI,49666,June 14 2016,977237287,Lea Chester,spouse,892567496
Dale,Gabriel,Strawn,278085612,June 3 1955,3164 Fm 2187,BUSINESS REPLY MAIL,VA,22095,December 1 1999,646555578,Reyna Farran,parent,252535287
Dorethea,Trista,Caberto,328255362,May 23 1955,1125 West Main Street,LEMON COVE,CA,93244,September 13 1994,169698442,Hyon Digiacomo,other,708332213
Josh,Toni,Baumgarten,141336295,July 27 1972,5627 Henry Street,SPRING GLEN,UT,84526,January 24 2000,916264078,Delinda Varona,friend,864509206
Rochell,Molly,Flink,148663354,August 20 1959,2941 Cook Lane,DELLSLOW,WV,26531,February 6 1985,121327158,Rickie Vos,extended family,233449676
Orval,Richie,Kaschmitter,760218065,October 2 1954,727 Hardeman Street,MILFORD,CT,6460,June 11 2010,378241453,Emelia Saric,friend,539793917
Andrew,Darryl,Banowski,457943498,October 31 1958,636 Piney Creek Road,SCHDY,NY,12306,May 31 1991,258650672,Corrie Magorina,spouse,393118689
Siu,Danae,Bernhardt,947201919,March 8 1953, ,SACRAMENTO,CA,94254,January 12 2013,611209097,Sofia Hash,friend,929756285
Nida,Liza,Geho,716009538,July 2 1986,3242 Mill Creek Ranch Road,EL PASO,TX,79935,August 7 1994,308770289,Beula Tomisin,sibling,841259064
Dee,Tamisha,Eusebio,114838663,July 1 1958,732 4th Street,LAKE DELTON,WI,53940,March 7 2009,496238244,Vida Gitter,sibling,914879464
Boyce,Adrien,Mccamy,767831429,February 23 1989,431 Columbus Road,VILLAGE OF INDIAN SPRINGS,OH,45015,November 8 2000,102217169,Carina Linnan,spouse,234993620
Reanna,Alpha,Storto,942057125,June 13 1955,0 Bernard  Road,GEORGETOWN,MS,39078,February 3 2005,572591143,Jarrett Konakowitz,other,909935604
Trinidad,Daryl,Cinadr,804808001,September 4 1971,506 Rogers Street,BYERS,CO,80103,December 19 2009,294823826,Mei Jolley,child,453934077
Sheena,Manuel,Schauwecker,220724566,September 30 1990,206 East Hilburn Street,OVERLAND,KS,66203,April 7 2000,339432493,Clorinda Fouraker,friend,880938907
Nannette,Andera,Cloke,778430909,March 3 1982,600 Northwest Front Street,DAVIS,OK,73039,July 28 2001,517132479,Season Maloff,other,975683817
Noel,Cordell,Prazak,572467058,April 23 1959,0 Stokes Road,ROANOKE,VA,24024,March 12 2015,397145242,Von Helberg,child,527788045
Cruz,Carey,Muzzarelli,361193277,August 31 1956, ,BERKELEY LAKE,GA,30096,January 17 1985,153469046,Ivette Holzman,friend,172405787
Ngan,Rueben,Fleegle,558131471,June 9 1992,10846 Fm 1456,UNIVERSITY PA,MD,20782,March 28 1994,925638518,Agustin Kienow,child,675277835
Rozanne,Essie,Scalf,101060355,October 18 1995,3460 Fm 949,MARTHA,OK,73556,June 7 1987,235184044,Maurine Mittlestadt,friend,502494162
Tosha,Hyon,Repke,141680370,July 2 1981,1401 Fm 1457,KIEL,WI,53042,August 20 2012,522701174,Prudence Rubbo,spouse,144502676
Gwen,Latina,Sakon,730115136,December 24 1950,20740 Highway 159 West,COTTEREL,ID,83323,April 28 2008,632309981,Keith Cawein,parent,655573604
Marx,Lakisha,Ainsworth,759420575,October 30 1972,628 Jurica Road,FLICKSVILLE,PA,18050,October 30 2004,904094995,Jami Kushaney,other,743166564
Arturo,Herminia,Janish,597741584,February 10 1978, ,MEANS,KY,40346,August 8 1985,409561046,Elfreda Biscardi,sibling,473403466
Blanche,Hedwig,Netolicky,437891397,November 11 1987,0 Brockstein (Off Of),CULLMAN,AL,35058,April 25 2001,578087710,Jewell Peszynski,child,411980714
Carmen,Shayne,Daivs,359866843,February 6 1980,727 South Matthews Street,HALEIWA,HI,96712,May 19 2010,401692607,Lori Nichelson,parent,529902606
Lory,Lilliana,Henne,389027311,January 18 1975,0 South Fm 331,TOKELAND,WA,98590,January 17 1993,403331597,Lashawna Schammel,spouse,613623495
Racquel,Rubie,Hai,672747777,January 16 1954, ,BYRD,OH,45115,October 25 2005,971171782,Carita Kauzlarich,other,762480592
Wilton,Christoper,Moochler,139852671,April 15 1951,0 Lourdes Road,LAKESITE,TN,37379,March 23 2000,771667402,Versie Fiumara,parent,217553808
Sharell,Helga,Granderson,890386979,March 21 1991,3019 Willow Oak Lane,INDIAN ORCH,MA,1151,August 11 2005,960248288,Janise Nietupski,parent,517154639
Errol,Stephnie,Pearyer,562387867,April 18 1964,0 Kamas Road,COLORADO SPGS,CO,80902,October 28 1990,701282990,Cicely Wanda,other,958642587
Annamaria,Fern,Griego,825169394,December 18 1990,2074 Jackrabbit Road,OAK PARK,MI,48237,March 4 1991,698158708,Bill Reopell,parent,900472099
Ryan,Clyde,Zeiser,205010428,September 10 1953,0 Johnston Road,EL CENTRO,TX,78536,April 29 2000,603825798,Hobert Swarb,sibling,768882945
Dannielle,Randolph,Regener,801430292,December 8 1990,11256 Hahn Road,HUDSON,MI,49247,April 3 2001,191585315,Francene Aland,parent,531910845
Shavonne,Erline,Kenzie,472521276,February 2 1996,22508 Oak  Road,MORATOCK,NC,27371,March 11 2015,298139612,Gayle Backfisch,parent,661569339
Leonarda,Albert,Person,959541066,February 7 1968,624 North Meyer Street,READING,KS,66868,June 9 2012,617797765,Nicolas Baves,friend,506992989
Van,Willa,Bisconer,502855546,November 16 1963,221 Willow Street,WOODRUFF,UT,84086,April 24 1990,478290006,Lean Hasten,other,896940367
Krystle,Chance,Masten,875316648,February 4 1981,0 Brooks Road,BRONSON,OH,44857,January 21 1996,571246371,Novella Dierolf,other,320561699
Salley,Angla,Boven,473922605,August 29 1985,2114 Texas Street,MAPLE PLAIN,MN,55393,March 25 1993,822914251,Marilu Chouinard,child,461444309
Guillermo,Holley,Kinley,366123002,January 10 1992, ,SPORTING HILL,PA,17545,June 1 2014,337800325,Linda Bergsma,sibling,854210882
Elodia,Dorothea,Nassie,285576405,June 28 1971,10802 Highway 159 West,CARBONDALE,IL,62902,December 28 1986,323577333,Fonda Casanas,extended family,532027252
Gale,Madelene,Angold,304454892,May 11 1953,16077 Yellow Creek Lane,DAVID CITY,NE,68632,October 6 1994,399319479,Phuong Levenson,friend,605336111
Yuonne,Zona,Grice,976254347,July 28 1970,520 8th Street,CORSICA,PA,15829,December 13 2002,652065632,Lelah Dante,friend,578119995
Melida,Lizzie,Sloman,943856495,March 19 1975,117 Wild Phlox Drive,TARPON SPRINGS,FL,34690,October 29 1993,603743299,Tonia Phillipi,friend,467244722
Tabetha,Natacha,Ungerecht,789370433,May 1 1984, ,NORTH PORT,MI,49670,July 17 2013,119175332,Virginia Lordi,parent,631706247
Evalyn,Colene,Tenhoff,746202365,June 10 1990,0 Shunka Road,CHUCKY,TN,37641,December 10 1995,282234743,Hassie Monsrud,sibling,660710134
Jeffrey,Marlon,Ochiai,425030040,August 16 1961,0 Brooks Road (End Of),BIRMINGHAM,AL,35238,February 20 1997,662759407,Shaun Hail,sibling,757821195
Kortney,Maile,Romance,947313355,June 24 1966,203 North 4th Street,BOSTON,MA,2266,September 13 1990,900934653,Israel Loffler,parent,353706671
Myriam,Bethanie,Hash,332914796,September 11 1994,101 Meadow Drive,ARDSLEY HDSN,NY,10503,March 4 1995,651230581,Celia Jody,extended family,310328118
Cristal,Brandee,Brasier,496858684,November 4 1952,3906 Bernard Drive,GREGORYTOWN,NY,13755,August 19 1993,307298227,Maye Madeira,extended family,685180455
Barbra,Ema,Ormes,193066565,November 4 1960,315 Birch Street,NYC,NY,10016,January 29 1993,584459198,Karl Suk,parent,910557041
Elisa,Eleonora,Swietoniowski,694135785,September 1 1981, ,CRESWELL,OR,97426,April 7 1998,962479322,Gayle Baumgartner,friend,863897937
Jaye,Sammie,Clift,324516675,September 9 1997,2370 Fm 1094,WATERMILL,NY,11976,August 8 1987,499574120,Kathleen Pavlick,sibling,537508080
Otto,Elvina,Uhrich,722705664,March 6 1953,7396 East Richter Lane,CAMPBELL,CA,95009,June 12 1985,145409459,Rubie Lotz,sibling,938907671
Kassandra,Roderick,Hebsch,374938350,October 21 1958,420 North Fowlkes Street,FISCHER,TX,78623,January 23 2008,550530000,Johnie Lavery,sibling,339405720
Clay,Bebe,Skowronek,871512867,July 9 1950,7818 Goeke Road,RYEGATE CORNER,VT,5042,March 14 2010,410641558,Marty Shepperson,other,214126032
Tony,Berenice,Ferugson,206358362,October 20 1993,1241 Terrazas Lane,CAPUTA,SD,57725,April 5 2013,681837364,Maude Keshishyan,sibling,637457821
Eloy,Angelyn,Guiberteau,148993698,May 5 1995, ,WLMG,VA,23188,May 4 1989,681177956,Son Cringle,child,197128217
Brynn,Shameka,Guillemette,166998691,December 6 1955,0 Gresham Street,JXN,MS,39269,June 2 2000,286397885,Carli Schueler,other,787181831
Waldo,Elvis,Liddy,529166510,March 2 1979,0 Highway 36 North (Off Of),PIERCE POND,ME,4961,April 23 2000,845807693,Eliz Docherty,friend,758443390
Scottie,Glenna,Lukan,853021246,June 5 1997,0 Travis Road,SUMATRA,MT,59083,November 14 2005,351213081,Darnell Bley,friend,832505224
Ola,Jillian,Raphael,167638353,March 1 1996,537 Walnut Drive,LOUISVILLE,KY,40224,March 21 1999,205299206,Reba Tourville,parent,320504309
Gerald,Colby,Wittman,727740586,November 7 1985,304 River Ridge Road,BIRMINGHAM,AL,35230,December 16 1998,602549793,Kanesha Goy,sibling,748359202
Alla,Perry,Foley,142120380,April 20 1989,309 South Thomas Street,RYL PALM BCH,FL,33411,November 21 2005,906434770,Wally Sandora,friend,368813654
Mckenzie,Rosie,Neumeyer,902117803,October 26 1972,0 Lincoln,CLARK FORK,ID,83811,February 14 1993,762091762,Marvel Birmingham,friend,432434358
Karina,Lorri,Ruffini,781128638,November 24 1964,24932 Squirrel Road,WALTONVILLE,PA,17036,June 7 1992,511569753,Bart Kufeldt,child,966724785
Shae,Crissy,Feltham,247351634,March 29 1975,2334 Texas Street,TWIN BRANCH,WV,24828,January 11 2004,889269395,Barney Jurewicz,spouse,413360302
Stephanie,Princess,Ellingburg,569200298,December 5 1989,702 South Holland Street,GULLIVER,MI,49840,September 6 1988,154327586,Salley Mertel,parent,780294807
Adrian,Wesley,Nittinger,227380267,February 6 1977,1845 Main Street,RICHMOND,VA,23260,March 21 2010,782354408,Bridget Cobio,child,576454301
Nicole,Leanora,Bartlebaugh,253762378,February 18 1988,654 Marek Road,OVIEDO,FL,32762,May 18 2008,220315875,Nora Lasserre,friend,562689957
Sharan,Fidelia,Sempertegui,111274003,May 20 1955,526 Ward Street,APACHE JCT,AZ,85120,August 9 2016,735493677,Whitney Delisser,spouse,328436812
Laurence,Bernie,Friddle,922766621,January 2 1991,10690 Jones Wilke Road,SOUTH WAYNE,WI,53587,December 19 1986,292419226,Awilda Shockency,parent,876284639
Samantha,Kiana,Kamens,468948661,March 11 1991,1472 Pin Oak Drive,NORTHGLENN,CO,80221,August 22 1993,542528865,Deidra Tarazon,spouse,786656016
Elda,Donn,Buer,791811898,December 13 1991,11753 Highway 159 West,PGH,PA,15233,March 11 1993,101279189,Katie Bonder,friend,423507903
Beata,Rolanda,Pano,420413305,October 28 1991,0 Coody Lane,NY,NY,10150,March 2 1994,516538468,Golda Molz,spouse,167354176
Justa,Efrain,Maceyak,401603821,November 25 1981,11865 Mlcak Road,FROGMORE,SC,29920,March 3 1990,396936229,Shayna Topp,friend,929206454
Stefania,Penelope,Giesing,611871185,March 9 1955,14054 Track Road East,MALIN,OR,97632,January 2 2008,770317225,Tiara Luga,friend,990742303
Bobby,Gwenn,Patik,521586872,October 14 1981,0 Off Masonic Street,REEDVILLE,VT,5143,July 16 2003,792148324,Cecelia Ficek,child,443299047
Danny,Gwenda,Scandalis,330346528,April 29 1980,3914 Quail Circle,EAST SMITHFIELD,PA,18817,November 29 1991,714678616,Ali Burchill,other,520956028
Florencia,Ninfa,Foussell,122193989,July 31 1982,0 Wagner Road,CHASE BANK TEXAS,TX,77216,March 30 2013,442412669,Teressa Morkert,friend,574219897
In,Christian,Metos,851973675,November 3 1960,0 3 Mi South Of Bellville West Of Hwy36,HARRIETSTOWN,NY,12983,September 3 2013,164177738,Lucrecia Sjogren,parent,517616746
Cassidy,Houston,Abasta,378599007,April 21 1950, ,TIVERTON,RI,2878,September 14 2001,903943669,Angla Bhayani,extended family,493450598
Eldon,Eleonora,Buron,493461851,November 9 1968,1690 Track Road West,FLINT,MI,48501,October 30 1995,352682872,Dalton Leiper,friend,117422948
Cassondra,Jefferson,Pechart,713776327,March 26 1972,132 North Holland Street,WAYZATA,MN,55391,January 27 1999,416473536,Dinah Delamar,child,677623655
Almeta,Lovetta,Aloe,908275128,July 16 1983,1310 Granada Road,MENTAL HYGIENE DEPT,NY,12229,February 4 2008,511695784,Kristine Stasik,spouse,262092933
Aline,Brooks,Mcmanis,462147096,February 15 1963,1006 Gunnison Street,HANSVILLE,WA,98340,October 12 1988,471358389,Shea Ralston,spouse,546481750
Lavenia,Dedra,Britten,631419412,January 9 1982,9667 Schluens Road,WEYMOUTH NAS,MA,2190,August 23 2004,233390840,Margorie Bracken,child,289653158
Sanford,Bess,Flansburg,819645655,May 29 1982,204 West Fisher Street,BIG LAKE,AK,99623,September 9 1995,761640542,Bryon Kostka,parent,267574108
Caryn,Latoyia,Burnison,433020079,May 7 1955,0 Willow Road (Next To Church),RULE,TX,79548,February 16 2008,357403300,Sade Few,sibling,754536892
Sherlene,Hang,Ramdeo,147628860,August 12 1994,925 South Holland Street,GRICE,TX,75644,December 16 1985,844927043,Agatha Wiford,spouse,198075335
Peter,Hassan,Pilot,330655106,February 18 1961,124 Lux Road,REEDERS,PA,18352,April 3 1989,588283079,Alica Paulette,spouse,406680959
Christi,Aline,Hoage,871068751,March 4 1970,6705 Hillboldt Road,HAYDEN,NM,88410,April 18 2016,843619844,Fermina Lada,friend,722575607
Macie,Jeanine,Walbrecht,934168941,January 15 1977,0 Cottonwood Street,MAYBELL,CO,81640,October 5 1998,870508454,Ryann Higson,child,357680257
Tanisha,Johnathon,Madre,383749264,September 16 1988, ,AVON LAKE,IA,50047,March 26 2004,732538730,Amada Surprise,child,486100885
Elliott,Tomi,Deleo,540855565,September 28 1966,0 Fm 3013 (Off Of),MTGY,AL,36121,January 23 2015,144734028,Hubert Yori,other,383412135
Reynaldo,Theodore,Ferrales,170998045,January 16 1979,0 North Fifth Street,GREENWOOD SPG,MS,38848,May 11 2014,629613933,Marsha Peed,child,462905639
Romelia,Camille,Alcine,360831130,May 11 1972,1461 Peschel Lane,FEDOR,TX,78948,January 30 2010,155671046,Tiera Walrond,extended family,946143576
Madge,Leonore,Norseth,833533455,November 24 1996,0 Walnut Drive,DODGEVILLE,MI,49921,January 24 2010,280330539,Flavia Frink,child,503598685
Weldon,Belen,Boley,265415219,August 8 1961, ,NORCO,LA,70079,January 28 2008,525249824,Adelina Pritcher,spouse,477193911
Sydney,Clarence,Golba,142438068,January 7 1954,11976 Jalowy Road,LITTLE AMERICA,IL,61542,June 8 2003,766156234,Cora Wischner,friend,561719664
Tamisha,Linwood,Ollhoff,109646121,December 11 1975,6202 Guyler Street,FORT WORTH,TX,76150,October 28 2002,889512021,Julio Lenci,friend,704384329
Corene,Neal,Estes,546665891,October 12 1996,718 Hardeman Street,WINDSOR CASTLE,PA,19526,August 16 2002,337391828,Maxie Ye,other,572714134
Carmel,Kim,Kersten,163842955,November 30 1981,0 Fm 1458,INTERLOCHEN,MI,49643,April 11 2000,792482438,Tanna Borling,spouse,670849911
Lorine,Shizue,Paguirigan,760870820,September 28 1993,14651 Sycamore Road,BERTHOUD,CO,80513,September 23 2003,173799679,Noella Paar,friend,986037694
Shantel,Shameka,Musich,789511320,August 2 1958,0 Cat Spring Cemetery Road,PADUCAH MALL,KY,42001,January 28 2009,151969470,Lorrine Hatta,parent,405835022
Chi,Shae,Karels,976164904,September 3 1988, ,DOVER,NJ,7869,December 7 2008,674979599,Twila Catalfamo,spouse,688465814
Pasty,Shari,Berum,138918104,September 16 1985,0 Fm 109,CADWELL,IL,61911,January 2 2006,251173950,Amparo Sidbury,sibling,729799453
Aide,Leroy,Szabat,601571799,June 2 1981,2650 Witte-Schmid Road,COUNCIL BLFS,IA,51502,July 15 1985,925696802,Lowell Mccaughan,sibling,693146776
Viki,Walton,Beste,633326055,January 27 1962,0 Pecan Street,ELLSWORTH,PA,15331,July 8 2013,954915624,Yoko Echavarria,spouse,609922973
Farrah,Lacie,Glasscock,474765997,October 9 1960,1506 Eagle Lake Road,DOTY GARDEN,LA,71334,January 26 2011,429089407,Ka Vacanti,extended family,355000758
Latisha,Rochelle,Hollow,556102448,January 5 1964,539 Fowlkes Street,JEFFERSON PARK,NY,13650,April 25 1993,812423552,Julene Jhonson,friend,105743141
Gerardo,Rosy,Philbert,790949503,December 4 1977,722 East Hill Street,MEM,TN,38119,May 6 2013,748691982,Hsiu Theo,sibling,145160252
Sammy,Yesenia,Sann,268564538,July 7 1980,5471 Fm 1094,POINT FOSDICK,WA,98335,June 12 2012,550624193,Gretta Brunette,other,834463418
Lashawna,Elenore,Greem,425624794,January 12 1973,3224 Nelius Road,MILROY,MN,56263,May 19 2004,805245895,Yi Joaquin,extended family,822634336
Carolee,Stefani,Meidl,139297004,November 5 1969,5344 Mill Creek Road,CUMBOLA,PA,17930,October 7 2016,616783020,Verlie Kennin,extended family,541135770
Georgia,Patrick,Bibbins,956216918,May 27 1964,0 Coshatte Road (Off Of),MIAMI,FL,33256,November 24 1996,979002107,Isaura Balsis,sibling,463557167
Georgina,Bernie,Bissonnette,153511079,May 13 1976,1006 Gunnison Street,AGES BROOKSIDE,KY,40801,December 20 1989,529728767,Stephnie Scrimsher,extended family,128594216
Sarita,Juli,Kodera,578064395,December 8 1991,4201 Alvin Street,RICES LANDING,PA,15357,June 19 1993,526271904,Raymon Pickelsimer,parent,191492345
Min,Shani,Prospero,705489396,April 19 1975,2145 Klopsteck Road,LOMA LINDA,CA,92354,March 17 1988,900674656,Kacey Joel,friend,107279997
Kathy,Keith,Gerhart,619754131,January 5 1969, ,MOBILE,AL,36641,April 4 2014,419895262,Hillary Pahler,child,326481843
Sharie,Quinn,Riviere,952884737,January 4 1977,1006 Jurica Road,CID,NC,27292,November 27 1992,592238416,Robbie Portune,spouse,985970468
Yukiko,Ellamae,Hodos,672079661,December 21 1955,236 Heritage Trail South,COLABOZ,TX,78586,October 2 2009,917563925,Leota Cassase,extended family,876966772
Marcelina,Agnus,Filan,541169521,July 1 1950, ,KLINES CORNER,PA,19539,November 11 1990,275488934,Francoise Neither,spouse,284363036
Lyndsey,Stephanie,Mio,483447265,August 13 1983,0 Ward Bend Road  (Off Of),REDSTONE,MT,59257,December 8 2004,185983437,Rosena Mclester,friend,814415774
Pete,Rossana,Levien,565350457,April 11 1953,0 Palm Saint @ Bell Street,PLAZA,CO,81132,March 15 1988,295977697,Amos Ordorica,sibling,999363627
Britt,Christian,Verlinden,345174631,July 27 1950,0 Highway 90 West (Off Of),WASHINGTON TOWNSHIP,MI,48094,May 31 1998,910047089,Lekisha Schwanbeck,child,533466832
Gloria,Anne,Wardhaugh,485598481,October 10 1973,7123 Redwood Road,SANTA ANA,CA,92704,July 8 1988,170457644,Hyon Glasbrenner,spouse,664122081
Cecelia,Lovetta,Burress,394089205,October 17 1989,567 Antonio Martinez Street,LIVONIA CENTER,NY,14488,March 10 2016,677827087,Claudia Hollinsworth,friend,134541071
Sadye,Demetrius,Babitsch,926058213,June 2 1954,128 Machala Road,LIGHTHOUSE PT,FL,33074,January 12 2006,754493812,Ellan Barriere,extended family,966110176
Brittany,Eilene,Deang,421847366,October 30 1985,126 Wild Phlox Drive,EVERETT,OH,44264,November 11 2003,298501551,June Luongo,friend,706090967
Minh,Le,Dyches,370097519,June 30 1950,2489 Bartlett Road,WORTH,MO,64499,April 16 2008,469011024,Daisy Schleimer,child,825061665
Thalia,Mandie,Arrant,973604274,December 19 1995, ,UNIV OF ALABAMA HSV,AL,35899,December 8 1989,311507092,Travis Cendana,spouse,700696839
Bell,Lakenya,Sledz,389870933,June 6 1982,1215 Highway 90 West,CAMPTON,NH,3223,September 22 1987,771024584,Jong Nebred,spouse,509031012
Deloris,Vanetta,Amarian,189649813,November 5 1951, ,PIGEON FORGE,TN,37868,April 8 2008,122347348,Tiny Faletti,friend,124865246
Jeneva,Ashlee,Torgersen,268480977,February 26 1994,6464 Highway 36 North,ALEXANDRIA,VA,22307,December 21 1993,843816467,Joy Parrinello,friend,296260397
Larita,Franklyn,Voner,637408652,April 1 1991,1567 Jackrabbit Road,COFFEEN,IL,62017,April 1 2009,330651022,Donna Wicks,friend,214286565
Jaimee,Refugia,Marban,155337158,October 6 1987,5640 Campo Santo Street,SAINT JOHNSBURY CENTER,VT,5863,March 24 1995,356546590,Jeffrey Smull,friend,579493063
Henrietta,Lilia,Rusk,366238548,June 24 1981,0 Tiemann Road,ROSWELL,GA,30076,October 28 1988,937243904,Devin Besecker,friend,873088044
Shayna,Catharine,Glockner,641589191,August 3 1953,0 Mill Creek Road (Off Of),APO,AE,9021,June 9 1998,568058878,Lesley Bogenschneide,friend,488792062
Brandon,Valrie,Pfahl,210645087,September 21 1964,0 Manak Road,CRYSTAL BAY,MN,55323,February 4 2007,753108008,Joana Morishito,sibling,481826927
Giovanna,Dinorah,Swirsky,515733051,June 25 1964,4624 Highway 159 East,YUKON,MO,65589,September 26 2004,488223866,Aline Zych,other,158210897
Ronnie,Deshawn,Wanker,759195754,August 26 1974,14772 Turnbow Road,SUN RIVER,MT,59483,October 24 2005,819005038,Marina Morano,friend,850090542
Raisa,Alaine,Cureau,708584119,June 11 1955,1392 Newsom Road,DALE,IL,62859,May 19 2004,349761548,Kala Montcalm,child,433649824
Elroy,Emerita,Mangas,785330650,June 28 1976, ,JAMESPORT,NY,11947,November 18 1998,451048513,Anika Carriere,extended family,617035405
Temika,Else,Limle,921643709,October 2 1975,0 Wilmer Porter Lane,WILM,NC,28403,February 18 1995,519752762,Belkis Bugler,spouse,665186428
Louis,Georgeann,Hashbarger,714637592,May 4 1983,1190 Peters San Felipe Road,HIALEAH LAKES,FL,33014,October 6 2000,486349967,Brittani Naylor,child,909366914
Temeka,Kirk,Gowda,949252963,November 22 1951,240 Rosalie Lane,W BARNSTABLE,MA,2668,July 13 1998,902059486,Kiyoko Ouellette,friend,521800133
Brent,Belen,Chass,441632440,April 1 1957,1210 Fm 109,MIDLAND,MD,21542,March 16 1985,431722231,Dayle Mcmellen,child,609435890
Gennie,Joana,Parekh,209572723,February 17 1954,1721 Highway 159 East,ST HELENS,OR,97051,July 12 2005,657150133,Susy Kuni,parent,832861031
Tiara,Vinnie,Schulkin,941740912,September 27 1976,0 Post Oak Point Road,EL RANCHO LOMA LINDA,NM,87579,March 1 2006,545905115,Foster Vreeken,parent,185547833
Lizette,Nelle,Durando,135021587,July 26 1973,0 Ricefield Road,REXMERE,LA,71355,February 6 2011,525325579,Arden Vial,friend,595606699
Edgar,Asley,Machida,783536388,June 9 1956,0 Pyka Road (Off Of),LYMAN,SC,29365,April 20 2003,376439364,Cindy Holifield,extended family,197418962
Hedwig,Lorilee,Fazenbaker,892963781,May 13 1959,0 Highway 36 North,BRUCE,SD,57220,November 18 2005,162457140,Janella Decambra,other,386104753
Tien,Kristan,Neiderhiser,488307417,May 27 1991,11262 Mlcak Road,DARKSVILLE,MO,65259,June 25 1987,251641218,Anderson Geibig,extended family,828085161
Tamela,Nakesha,Standing,901712006,June 5 1988,7230 Highway 36,MANHATTAN,KS,66502,August 30 1994,836912873,Divina Ego,extended family,591352807
Tiesha,Sherrie,Wienberg,613100925,November 7 1962,3107 Borgel Road,AT & T,IL,60572,August 28 2000,507547666,Elida Krucker,child,361524978
Wyatt,Bert,Banuelos,125787369,August 29 1956,4609 Fm 2187,NADY,AR,72166,September 5 2013,943631902,Ouida Wishon,sibling,509093387
Kylie,Tempie,Ziesemer,527347182,January 1 1985,2578 Maler Road,MANHATTAN,NY,10038,January 30 2008,931574696,Nohemi Blatt,sibling,135785587
Saul,Tomas,Veeser,714284757,February 25 1996,3882 Reinhardt Road,DANBY,VT,5739,July 8 1987,841015156,Kera Yeh,sibling,679953541
Glenn,Rebeca,Beaubrun,288287173,October 28 1991,0 Shunka Road,SCOTT CITY,IN,47879,July 6 2008,987259826,Pamela Kassabian,friend,653425650
Siu,Vernia,Shadding,634490383,November 29 1976,0 Highway 36 (Off Of),NO FERRISBURGH,VT,5473,January 4 1993,831580499,Sherise Helmink,child,762424850
Jestine,Cher,Bomstad,596402614,December 16 1972, ,FULTON,PA,17563,August 22 2016,167081785,Nathalie Shulse,other,234475256
Tracy,Bibi,Lytal,132889516,March 15 1984, ,ST BONIFACIUS,MN,55375,May 14 1994,984760642,Janee Auler,child,297188175
Vicky,Dale,Bolinder,777033709,August 2 1982,209 Village Drive,HAGEDORNS MILLS,NY,12074,December 14 2012,408142138,Luba Cvetkovic,friend,697661549
Sena,Shaunda,Hugi,471625963,November 23 1957,0 Beckendorff Road (Off Of),MIAMI,FL,33017,September 16 1995,934825625,Alishia Wakula,friend,844001996
Philomena,Mickey,Pignotti,209946313,May 11 1976,0 South Rocky Road,HAMILTON,OH,45026,January 22 1998,614568607,Teressa Kerbs,friend,560096854
Alyse,Quyen,Hovermale,570504028,February 19 1975,2223 Fm 1456,EWATERFRD,PA,17021,October 14 1985,397142388,Christopher Volbert,child,795895590
Isidro,Marylouise,Dostal,134794472,September 14 1958,6559 Krueger Road,SCIPIO,NY,13147,August 10 1997,212908291,Abbie Delacuesta,other,946650006
Lina,Maryjane,Raitt,773875291,April 21 1994,510 South Holland Street,BRIDGEPORT,CT,6601,December 29 1992,398739166,Lavina Eblen,spouse,664260013
Leatha,Modesta,Bayle,340675171,January 12 1961,5099 Centerhill Road,SCIO,OH,43988,April 9 2005,635509410,Chun Bogen,sibling,401435760
Berenice,Ethan,Frasier,735273462,May 10 1979,1007 Brandywilde Circle,HOUGHTON,MI,49921,February 19 1987,654751906,Marcy Remos,extended family,390564523
Roberto,Kendal,Heffron,494184262,January 12 1967,0 West Glenn Street,MADISON,WI,53792,October 31 1989,580868622,Helaine Kubicki,extended family,234809963
Clemente,Latesha,Engemann,708442519,September 21 1961,0 Primrose Lane,MALCOM,IA,50157,August 9 1991,479564518,Phillip Conorich,child,430242038
Colene,My,Bong,837886117,September 21 1963,12527 Tulip Lane,MELBOURNE,FL,32909,May 14 1994,449010577,Julene Whiter,extended family,820440249
Leola,Priscilla,Baer,575369525,January 30 1960,0 5563 Palacios Street,SAN ANGELO,TX,76909,September 30 2012,362521133,Marylee Carraturo,extended family,999613355
Antonio,Fermin,Kong,163676963,June 29 1961,567 Antonio Martinez Street,NABNASSET,MA,1886,October 19 2013,139967244,Lan Grisso,child,464857488
Arminda,Shelby,Stele,264949022,November 25 1996,0 Highway 159 East @ Jay Lane,TRURO,IA,50257,June 6 1992,873631451,Mickey Misty,friend,503827645
Larisa,Vallie,Mcsorley,620357156,November 20 1953,5878 Highway 36 North,FORT DETRICK,MD,21702,May 12 2004,741076534,Marylynn Amick,other,503746815
Rolland,Tawanda,Hugar,890770475,March 3 1966,3649 West Ueckert Road,SUMERDUCK,VA,22742,August 20 1998,778790833,Shaina Hippley,parent,322392459
Le,Casey,Towson,287477516,March 8 1981,0 Aurich Road,PENDER,NE,68047,August 2 2015,406796640,Sherice Siembida,child,568407511
Lesley,Jeffrey,Wolfer,194972098,November 24 1956,416 North Amthor Street,LAS VEGAS,NV,89116,May 5 1989,419216178,Michael Cerrello,child,417094515
Vicenta,Katharine,Fritze,447270740,September 8 1985, ,WALDORF,MD,20604,October 1 2003,256649190,Winston Derrico,spouse,606539680
Jaunita,Genoveva,Gregson,744820517,October 23 1952,6420 Beckendorff Road,RUNAWAY BAY,TX,76426,December 21 2015,552012067,Luigi Garrington,other,816555583
Ina,Evon,Raught,320739277,February 2 1996,1435 Circle Drive,DAVIS,OK,73039,July 31 2013,322311384,Raguel Hekman,child,713974248
Caprice,Jarrod,Stdenny,218268006,October 15 1963,0 Lazy River Drive,POTTSTOWN,PA,19464,July 26 2001,912425335,Wyatt Cron,friend,292344500
Carmelita,Theressa,Rickson,333704781,July 27 1955,767 West Main Street,MOUNT WASHINGTON,OH,45230,August 11 1997,564261155,Madaline Chamers,other,129269163
Marion,Gladys,Pagnozzi,198758392,January 6 1968,410 South 9th Street,FERNBANK,AL,35576,May 10 2000,271250374,Berneice Covarruvia,other,666934811
Lizette,Gertrudis,Wojenski,123224587,July 6 1976,120 Lux Road,WIDEN,WV,25211,October 6 2007,638169339,Vertie Keedy,child,488295389
Sima,Milagros,Bohaty,303489095,October 30 1982,0 Schmidt Road,SUNBURY,NC,27979,May 10 2007,949283871,Raymond Diamante,friend,725750822
Elliot,Angella,Meschino,437079664,June 20 1957,0 Highway 36 South (Off Of),UTILITY,LA,71343,August 1 1987,818788299,Georgetta Schoeneman,extended family,919022654
Vernia,Man,Kadis,104613264,October 31 1991, ,NORTH HAYDEN,IN,46356,October 13 1999,264400998,Nancy Arvan,sibling,459417086
Kim,Angel,Nabours,470306452,January 11 1951,0 Fm 1456,HULEN,KY,40845,January 8 2005,717711143,Liz Wassink,parent,951611348
Sharie,Harold,Hickson,891848579,February 10 1963,0 Austin Street,NORTH CANTON,OH,44799,May 23 2000,523881664,Bernardina Primes,friend,551884300
Adrien,Meagan,Lafever,597688346,August 3 1974,0 Fm 2187,CORINTH CENTER,VT,5039,January 26 1998,255306367,Allie Puri,friend,610486354
Glory,Nicole,Coones,525946442,April 15 1961,258 South Holland Street,MAKAKILO,HI,96707,April 1 2010,106636248,Tonja Disorda,other,292558512
Alfred,Eduardo,Debutiaco,822885766,January 14 1988,9815 Fm 1952,PRINCETON,IL,61356,November 9 2000,146545643,Charles Sawatzke,friend,264113596
Bobby,Emelda,Cisar,664706870,August 2 1971,706 South Bell Street,FT WORTH,TX,76199,March 2 2016,476985411,Jeanmarie Lewars,parent,411551840
Michal,Catrice,Vitorino,970049502,February 24 1972,0 Reese Road,STRONACH,MI,49660,November 3 2014,726450792,Piedad Hoscheid,child,116456092
Alena,Patria,Gede,611876106,May 25 1980,0 Fm 1458 (Off Of),SAMARIA,SC,29006,December 1 2013,227094824,Consuelo Novellino,friend,475785789
Ignacia,Emmaline,Bessinger,887348848,January 3 1955,0 Fm 109,JP MORGAN CHASE,TX,76199,July 3 1985,100540791,Chaya Volland,spouse,499232775
Sonny,Tyree,Strama,360447210,November 19 1989,10935 Schaffner Road,E BERNSTADT,KY,40729,August 18 1990,700947452,Malisa Allaband,parent,397431715
Hilton,Susannah,Zettlemoyer,132312119,September 29 1966,1406 Terri Avenue,DELL COMPUTERS,TX,78798,January 11 1991,446948552,Lillie Laigle,extended family,644749130
Jenee,Alfonzo,Costa,827652809,August 21 1992,0 Skalak Road,SACRED HEART LEAGUE,MS,38686,January 22 2016,824185924,Dottie Kolle,friend,876022818
Jasmine,Rosana,Wrightsman,133115850,July 29 1956,640 Front Street,COMMISKEY,IN,47227,November 16 2008,393726875,Halley Kuhr,child,499769371
Marlana,Cristie,Shufflebarger,422278279,May 4 1966,107 North 5th Street,BANKAMERICA CORPORATION,GA,30399,August 2 2003,765044282,Rickey Ahler,child,650915483
Apolonia,Sherri,Dancoes,108303235,December 15 1977,24 North Holland Street,ALBANY,GA,31703,June 20 1997,432135710,Jayna Dallman,parent,857139317
Long,Eloy,Appelt,644761713,January 1 1954,1720 Eagle Lake Road,WASTELLA,TX,79545,May 18 1986,919119451,Zena Millora,friend,384443209
Rupert,Serena,Labrake,218631633,November 12 1981, ,BOYLE,MS,38730,December 16 2004,325200778,Jerald Hoxie,extended family,895076722
Alphonse,Ok,Nyland,906746052,November 26 1957,0 Wilmer Porter Lane,WARTHEN,GA,31094,February 11 2006,730553380,Demetrius Dedier,friend,829367327
Debby,Velia,Botwinick,481048862,September 4 1972,26 West Austin Street,ATLANTA,GA,30342,July 9 1990,712292993,Daysi Gallik,parent,796581786
Ozella,Fiona,Durgin,815108782,September 1 1985,0 Wehring Road,TREETOPS VILLAGE,MI,49735,July 2 1999,993386698,Kristi Schlussel,friend,981788272
Melodi,Marisol,Bournes,606826302,September 19 1967,1258 Peters San Felipe Road,LAKE FOREST PARK,WA,98155,March 19 1988,662577033,Toshia Seahorn,spouse,981588523
Marquitta,Julianne,Nabity,302756235,August 4 1989,219 Briarwood Drive,PIGEON,MI,48755,July 13 1992,976927238,Adriana Gurule,friend,955687615
Kenny,Marita,Krider,617711059,July 22 1963,921 East 3rd Street,TARRYTOWN,TX,78703,January 17 2014,871527477,Erik Kafka,friend,791513439
Sidney,Gabriel,Lutjen,697305497,March 15 1967,26 East Obryant Street,SHELBYVILLE,TX,75973,March 31 1996,868904222,Hettie Sollock,other,684302984
Celine,Sherill,Buttimer,528123293,March 3 1986,1709 Eagle Lake  Road,BOWDOINHAM,ME,4008,August 2 2007,939863492,Sharron Loth,parent,374939247
Nidia,Darnell,Hollerud,602803606,December 29 1952,11411 North Fm 331,WEST PATERSON,NJ,7424,May 20 2015,659350151,Tammara Deralph,friend,801617867
Pura,Jewel,Dinho,363873135,July 5 1965,3757 Fm 2502,BURDOCK,SD,57735,October 13 1985,198696701,Corrine Dahl,spouse,200409554
Twila,Sherly,Lorelli,668398846,December 26 1976,0 Zievert/Luedke Road,BIGHILL,KY,40405,June 24 1994,799397300,Lonna Bayer,child,852830850
Marybeth,Marisa,Lockman,772998857,June 23 1953,0 Wesley Church Lane,HENDRICKSVLE,IN,47459,August 14 2003,609846433,Quinn Yeldon,parent,669758946
Maragaret,Neomi,Toadvine,631874090,December 6 1980,6464 Highway 36 North,NEWPORT,KY,41076,February 6 1996,363762943,Laverne Kornegay,spouse,142650307
Emerson,Melynda,Jellinek,699967287,April 7 1996,724 Bader Road,LILBOURN,MO,63862,May 27 2008,448517100,Ginger Jirjis,child,386046685
Efren,Gabriella,Tumpkin,941599749,February 6 1965,0 Lazy River Drive,CONIFER,CO,80433,February 4 1992,548336833,Loris Moster,sibling,244971757
Christel,Doreen,Sival,466897631,April 5 1973, ,MEDFORD,OR,97504,April 14 2015,375151963,Beckie Battson,extended family,392929977
Shawanna,Lizeth,Tilow,875129490,June 18 1955,0 South Fm 331,E GRAND FORKS,MN,56721,December 11 2010,418117885,Dawn Bendixen,sibling,855706118
Frank,Lissa,Boelk,984378009,October 10 1989,120 Brookside Lane,MEAD,WV,25915,July 28 1987,293517702,Luba Kapoi,child,507066526
Myrta,Shantay,Baumgarter,419646146,August 23 1962,0 Fm 1094,ROSBORO,AR,71921,October 8 2015,732357604,Madelaine Sorbello,parent,584445525
Mac,Elmer,Libbey,697984395,September 27 1957,0 Off Fm1456,PHOENIX,AZ,85061,June 20 1987,828107718,Faustina Vick,other,207675816
Mao,Angelika,Mathus,553004860,August 10 1983, ,SOUTHBURY,CT,6488,November 25 1992,758175665,Mirella Rosenfeldt,extended family,310921883
Kirby,Jenniffer,Knowiton,936367731,November 26 1958,3144 Centerhill Circle,CHI CHLL TAH,NM,87326,February 18 1991,701894379,Garth Holliman,child,284454747
Sunni,Ronnie,Wyss,244392780,September 23 1988,1619 Fm 3013,WILLOW RIDGE,NC,28410,July 31 2002,609573710,Tangela Darienzo,friend,212916568
George,Usha,Fulmore,132763429,March 7 1957,0 Highway 36 South,FLUSHING,MI,48433,May 25 1997,357360643,Cheryle Tuder,sibling,919309091
Candyce,Siu,Grassmyer,771742881,April 7 1977,0 South Loop 497,CLAREMORE,OK,74019,September 2 2006,832582892,Lala Rae,extended family,535934841
Malorie,Yevette,Rohrbacher,237459119,November 19 1972,588 Weeping Willow Road,BAYVILLE,NY,11709,February 26 2008,402590117,Zachariah Cassi,sibling,842443499
Terry,Nubia,Charley,156052797,October 22 1969,415 Meyer Street,PARKVILLE,MD,21234,September 4 2005,889570379,Patrick Troiani,parent,677523848
Allene,Angelique,Kupcho,166022046,February 1 1969,0 Fm 1458,CHARLESTON,SC,29407,March 28 1989,428913937,Annita Guichard,parent,448797649
Katherina,Irina,Rinn,328658717,July 13 1950,9261 Fm 1458,HIXSON,TN,37343,June 11 1999,265268866,Sabina Malenke,friend,604983284
Jaleesa,Nevada,Fasone,552271939,January 7 1953,13656 Lake Road,CHEY MTN AFB,CO,80914,February 20 1989,597070647,Tanner Mcnertney,friend,437115882
Glen,Janise,Overpeck,150222629,March 16 1970,2106 Wendt Road,SILOAM,TX,75559,January 4 1992,536089568,Dale Vayda,other,592223530
Diamond,Shante,Sugg,909856357,February 28 1976,721 Concordia Drive B,VASSAR,MI,48768,August 6 1987,520828025,April Bollom,extended family,177514952
Verdell,Malorie,Gilroy,174574076,March 30 1981,1776 Oil Field Road,ALBANY,NY,12235,June 15 2015,273376475,Boyd Maldomado,other,325939055
Wally,Noelia,Critelli,789051059,April 2 1959,12844 Frantz Road,SAINT LOUIS,MO,63121,October 18 2008,647284505,Minta Viebrock,parent,171635025
Joie,Blair,Menken,617404094,July 4 1974,0 Bartlett Road,EAST NORWALK,CT,6855,December 18 2004,324540061,Layne Ribao,sibling,692789612
Johnnie,Rosaura,Kallin,331712458,May 14 1982,10438 Hahn Road,SCOTT BAR,CA,96085,March 9 1988,784287793,Israel Amerson,extended family,625622828
Anderson,Adelaide,Melusky,730878270,October 29 1992, ,ARMSTRONG,OK,74726,January 23 1992,365992684,Ernestina Gramberg,parent,166065023
Dwight,Ginette,Barth,436234502,November 30 1963, ,AMHERST,NY,14221,February 11 1992,111191538,Krista Umphress,other,854539934
Danae,Elvin,Scollan,468194329,December 5 1978,1565 Glenda Lane,BEL AIR BEACH,IA,50588,March 27 1993,404451154,Rudolph Spilde,other,183931787
Sherryl,Annie,Alverado,903427419,January 4 1983,531 Grubbs  Road,KINGSTON,MO,64650,March 6 1990,119069970,Lavern Santacruce,parent,307491784
January,Mercedes,Obermiller,225568353,October 29 1991,0 Highway 159 West,JONESVILLE,NY,12065,September 19 1987,722869830,Mazie Kuhlenschmidt,friend,171841250
Ela,Ladonna,Corington,524399912,January 8 1958,6202 Railroad Street,JACKSONVILLE,FL,32209,July 28 2002,311012651,Melina Auston,friend,286945200
Diane,Jaqueline,Why,387646413,August 8 1959,0 Highway 159 West (Off Of),PEMBROKE,NC,28372,October 12 2003,601852288,Irmgard Partida,parent,952477254
Ramiro,Mignon,Teare,122180028,November 4 1987,5628 Longhorn Trail,WESTMINSTER,VT,5158,November 7 1992,488651727,Katharyn Alano,other,910395905
Clarence,Cedrick,Mcconnell,951390955,June 27 1970,2412 Texas Street,CEDAR LAKE,TX,77414,June 18 2007,273129874,Timika Metayer,friend,199629081
Ethyl,Lori,Floria,872790007,February 23 1963,1440 Bell Oaks Drive,RANGER,WV,25557,July 30 2016,704998826,Odilia Waltman,other,465750571
Arie,Carmela,Sinopoli,324510601,August 1 1994,6278 Hackberry Lane,AVALON,PA,15202,January 28 1992,578298932,Gayla Shusta,child,892927333
Delbert,Jin,Kahle,310062254,March 27 1958, ,ESCAPEES,TX,77399,July 18 2007,559283763,Collette Keppner,child,867426836
Tesha,Ronald,Schluter,259851542,June 8 1965,395 Burger Lane,NEW BERN,NC,28562,September 25 2005,361619515,Beatriz Loyal,extended family,382243576
Lavona,Meghan,Dohrmann,686356642,May 27 1971,7159 Coshatte Road,PRINCETON,KY,42445,May 13 1990,891036490,Georgiann Rost,friend,163111391
Kalyn,Inger,Fugua,505147872,June 19 1988,0 Off Mertz Road,NERSTRAND,MN,55053,April 11 2010,841879053,Emerson Kosoff,friend,760937230
Lezlie,Sona,Huisinga,491657863,July 18 1950,1038 East Hacienda Street,BALTIMORE,MD,21202,December 9 1997,128307876,Barry Arrow,spouse,842152836
Fawn,Minna,Gojcaj,287377738,April 13 1991, ,THOMPSONVILLE,TX,78959,February 21 2016,305134491,Darrel Gundert,other,711680080
Elinore,Roselle,Creswell,172875975,April 11 1995,5310 Fm 2754,SANFORD,CA,90010,February 13 2001,399801057,Keira Trojak,friend,687440360
Glenda,Stephany,Venezia,767864885,May 18 1951,540 Fm 109,SHALIMAR,FL,32579,April 28 2003,681021662,Marcellus Shu,spouse,536381093
Jeramy,Roselle,Grasmick,688565713,February 1 1961, ,ARCADE,GA,30549,June 28 2012,909831433,Janee Kotonski,sibling,111006282
Jeanine,Edward,Setton,664316852,January 10 1970,9621 Club Road,FOX CHASE MANOR,PA,19046,October 5 1999,402157993,Vanita Goodrow,friend,120291709
Idella,Tamar,Acquilla,650175582,May 13 1954, ,WTBY,CT,6702,April 21 1994,336440190,Leda Corne,parent,548105352
Larita,Lavina,Cumens,541251174,June 25 1971, ,COLO SPGS,CO,80960,June 24 2007,564293630,Salvador Hitt,parent,340652731
Tamala,Janiece,Konon,156230641,October 15 1976,12431 Emshoff Road,ALVIN,IL,61811,July 3 1998,570577558,Laine Beiley,parent,619714926
Marth,Yaeko,Nuber,983717841,January 16 1958,6801 Samuel Lane,ZETUS,MS,39601,March 30 1996,268057787,Carmel Willems,extended family,291640351
Georgie,Terresa,Seedorff,610877937,October 22 1961,0 Terrazas Lane,GREENVILLE,RI,2828,September 15 2005,302912154,Providencia Bichler,spouse,734757890
Hortencia,Vannessa,Hunkin,739806462,March 28 1995,6303 Dubose Street,ODONNELL,TX,79351,April 9 1993,318607795,Debrah Somdah,child,812715373
Alena,Vernon,Bocage,321746198,June 29 1979,0 Wietstruck Road,CASCADE,MD,21719,December 30 2005,355312670,Helga Ducos,extended family,802299260
Oswaldo,Leda,Shafto,604992283,January 1 1989,0 ,M AND I BANK,WI,53288,January 27 1999,122863504,Georgiana Purinton,other,628044504
Melita,Hermila,Cianciola,706302354,October 20 1960,0 Baranowski Bush Road,BELL ATLANTIC TELEPHONE CO,MA,2207,March 15 1996,378125121,Kalyn Lunn,spouse,982871159
Odilia,Grisel,Oltz,121728272,March 26 1981,12403 Malinowski Lane,MIAMI GARDENS,FL,33017,August 18 1995,764379700,Doretta Anzaldo,sibling,405152291
Glen,Zita,Zotti,861468876,September 6 1976,928 South Holland Street,MARLBOROUGH,NY,12542,April 3 2015,309709507,Owen Ashraf,extended family,785240389
Abdul,Annie,Dunson,837568511,January 11 1986, ,DENMARK,IN,47427,June 7 1997,660795602,Troy Marold,child,344522932
Lezlie,Rochel,Phillippy,402281445,January 23 1953, ,JAMESTOWN,MO,65046,September 6 2013,949917281,Judi Seuell,other,729586258
Season,Veta,Gobea,947186753,March 11 1977,203 North First Street,SOUTHERN PNES,NC,28387,June 22 1995,649158355,Shiloh Loftus,sibling,615083569
Emmy,Robbie,Liegler,684333937,November 25 1984,1117 6th Street,P HILL,OR,97455,December 19 2012,198835861,Reyes Bertke,sibling,455379588
Rachal,Rene,Halprin,491547632,April 8 1975,0 Lynn Road,BEAR GAP,PA,17824,May 15 1987,179643534,Augustus Luberger,parent,748384113
Florentino,Lonnie,Tomkiewicz,247635872,September 13 1991, ,MCHENRY,MS,39561,February 18 1987,481686733,Jewell Monoz,sibling,468359306
Tonia,Carolyn,Overbey,290745746,May 15 1963,2355 Beverly Lane,EXETER,ME,4435,February 19 2006,181118989,Taunya Kea,parent,715302263
Golden,Bart,Tausch,860689823,March 4 1983,0 Skotnik Lane (Off Of),APO,AP,96543,March 20 2011,331666397,Florida Forcier,friend,547943399
Jeneva,Clayton,Kunz,396139417,January 23 1981,107 North 5th Street,FRISCO,IL,62836,February 6 2004,343891650,Emilia Chesley,child,100137139
Delora,Kelsie,Nasr,180914931,June 17 1988,6465 Fm 529,FREDERICKSBG,TX,78624,June 30 2007,357125807,Miriam Zorman,friend,987172560
Charis,Tamara,Schelle,698796323,April 30 1967,5194 Fm 1456,BRUNDAGE,TX,78834,April 26 2013,720545497,Suzan Parsygnat,parent,898346762
Brenda,Alesia,Perri,557267611,February 8 1994,1156 Wietstruck Road,SUN VALLEY,NV,89431,January 8 1997,936097137,Adan Ferrucci,sibling,110794258
Un,Madlyn,Kuehler,372301111,July 13 1956, ,ENDICOTT,NE,68350,November 19 1989,298166563,Brynn Gosch,extended family,434700473
Carrol,Kiley,Jorda,582748315,March 18 1983,1007 Gunnison Street,DENHART,IA,50447,March 29 2001,779032925,Renate Cavalieri,other,623216159
Stepanie,Davida,Beatie,241950741,January 21 1972,5072 8th Avenue,METZ,WV,26585,August 1 2012,141041857,Freeman Oldakowski,parent,990464072
Britta,Chang,Lucidi,506578648,December 15 1957, ,GADSDEN,TN,38337,March 20 1998,884898689,Kellie Arnesen,parent,622589577
Shenna,Inocencia,Brehony,303521064,December 23 1954,830 Tangle Oaks Drive,NASHVILLE,TN,37238,February 12 2005,737131196,Paola Lacio,sibling,452060841
Lora,Catharine,Maia,459768117,October 2 1983,13909 Track Road East,MAYWOOD PARK,OR,97220,July 10 2016,502570024,Lelia Peppard,parent,486967395
Jasmine,Taunya,Glendenning,893302038,August 22 1950, ,ZACATA,VA,22581,February 20 2008,722701336,Mandi Vanis,extended family,733532498
Celeste,Alejandrina,Manwarren,453583977,June 3 1972,16 West Hilburn Street,OWANECO,IL,62555,December 24 1988,950876776,Dominick Eggink,other,285988392
Kacey,Misti,Aumann,978084386,June 19 1963,2352 Fm 1094,SUGARBUSH VALLEY,VT,5674,August 19 2015,174376090,Cherie Lambrukos,extended family,263585144
Myrle,Perry,Clara,221548008,June 20 1992,557 Witte Road,OKLAHOMA CITY,OK,73150,June 2 2012,559603369,Carmelina Allaband,friend,500488562
Lavenia,Kala,Chim,466286554,September 30 1981,0 Center Hill Road,FERRELVIEW,MO,64163,July 4 2005,986825287,Alejandro Benzing,extended family,571000167
Julian,Rebekah,Turrubiartes,883904801,November 25 1964,0 Lamp Road,THE VILLAGE,OK,73120,June 17 2015,869215686,Katelin Steinburg,sibling,482377514
Claudie,Jeni,Markve,577426469,June 8 1967,0 Coshatte Road,CAYCE-W COLA,SC,29033,April 26 2000,736159219,Fletcher Aharoni,spouse,704114249
Virgilio,Lita,Topliss,984370234,February 14 1976,1471 Old Columbus Road North,STRAWBRIDGE,PA,17758,March 11 1992,378909634,Christen Chevas,friend,458534112
Leo,Coleman,Herrera,470593433,May 12 1958,0 Azalea Lane,HAZLEHURST,MS,39083,October 9 2005,226021029,Bernice Luchsinger,child,408759150
Marcellus,Cristi,Bettinger,646144452,July 22 1960,0 Fm 2187,ARLETA,CA,91331,May 17 1998,906561905,Gregorio Forgue,extended family,661795635
Lyndia,Sanda,Pierce,858325722,June 15 1996,14901 Frantz Road,CAPITOL HEIGHTS,IA,50317,December 31 2006,936021733,Genia Strimel,child,490768340
Brent,Edmund,Ho,404869062,August 3 1966,6935 Harry Street,FLOWES STORE,NC,28025,June 27 1998,727048938,Wei Schuber,parent,356702464
Valery,Arianna,Kulick,191147411,July 19 1950,0 Campo Santo Street,GRAND GULF,MS,39150,June 29 1994,324622493,Kecia Nessel,friend,653613281
Thomas,Nelia,Simkins,936067529,August 3 1956,0 Jalowy Road (Off Of),DELAPLANE,VA,20144,March 5 2008,879862591,Georgie Gravit,friend,850815715
Shena,Angelina,Redkey,321705527,May 12 1991,8284 Rio Farm Lane,EASTPOINTE,WV,26301,October 21 2014,963357688,Sammie Lenzi,sibling,427068936
Clemmie,Kristina,Bandyk,512712410,October 2 1972,952 Atchison Street,ADVANCE,NC,27006,April 18 2000,786601078,Marlen Sechrest,extended family,338386931
Trinidad,Mi,Ouye,863648144,January 1 1975,1005 Gunnison Street,INDIAN SPGS,OH,45013,April 7 1985,402364949,Marissa Westmoreland,parent,660611082
Cliff,Marlys,Pee,612433262,July 12 1952,204 South Hillard,OYSTER BAY COVE,NY,11771,August 26 2002,133305468,Rupert Panebianco,extended family,492103897
Jesus,Kieth,Swant,377710529,August 15 1996,16852 Fordtran Boulevard,VOLBORG,MT,59351,January 18 1996,242941279,Mason Duskin,friend,715533843
Viola,Sharonda,Shwab,174472534,August 3 1977,602 Lakeview Drive,MADISON,CT,6443,February 19 2001,852230645,David Swary,friend,391675365
Dedra,Perry,Doherty,610481548,March 16 1975,0 Southwest I-10 Frontage Road,RAMAH,NM,87357,July 26 2006,849108550,Debi Baugh,child,546003370
Chanell,Gwenda,Hunsberger,563205316,September 21 1969,1031 Meyer Street,RENTCHLER,IL,62221,August 23 2006,368913527,Latonia Cliett,other,882204073
Tanja,Suanne,Twilligear,205491568,November 18 1971,0 North Granville Street,KEYSTONE ISLANDS,FL,33261,December 18 1987,193216358,Vanna Liriano,extended family,853327051
Micheline,Karol,Gurka,280698560,October 21 1997,1433 South Loop Road,CISSNA PARK,IL,60924,October 19 1985,360691072,Beverly Kielbasa,other,578617296
Tanya,Lia,Umphlett,813025208,September 17 1971,0 Brooks Road,WASHINGTON,DC,20523,January 20 1994,550144032,Heath Manno,child,844948459
Brant,Breanne,Borner,736661636,September 11 1963,1621 Substation Road,HOUSTON,TX,77226,March 16 1989,335430476,Nicolas Crawley,spouse,548805226
Valeri,Leann,Carias,166778551,June 16 1972,8108 Koehn Road,VIENNA,NJ,7880,February 19 2000,428828580,Macy Binns,sibling,543846004
Shanna,Mechelle,Bajwa,104943364,October 25 1967,6313 Commerce Street,SUNBURY,NC,27979,December 19 2007,578397704,Belva Dixion,friend,502421635
Tresa,Marvella,Kasal,430452417,October 21 1968,24545 New Bremen Road,HBG,PA,17129,February 14 1995,630226551,Kayleen Scarver,friend,312326401
Brandy,Eleonora,Bonneau,294603262,March 5 1985,479 Hickory Creek Road,GREENWOOD,CA,95635,February 3 2010,311089319,Paige Abshear,sibling,405329827
Lilian,Hildred,Iturbide,364839223,September 24 1985,3656 Glaeser Road,BODIE,WA,98859,January 8 1987,317431163,Kyong Eicher,child,462304895
Anthony,Portia,Correro,237109396,May 1 1963,4593 Coshatte Road,W BABYLON,NY,11704,September 3 2016,349593841,Angelena Bottcher,friend,913168229
Nadine,Queenie,Namauu,131096246,May 25 1992,0 Fordtran Road,MTGY,AL,36116,August 19 1993,169972765,Freddy Seils,friend,881136248
Jared,Ivonne,Williar,134412053,October 10 1961,5580 County Line Road,WANETTE,OK,74878,September 14 1986,668688909,Archie Baierl,other,439139721
Allison,Reatha,Blackaby,744817428,February 24 1984,0 Lamp Road (Off Of),ENGLEWOOD,OH,45322,March 9 2013,712221285,Bula Brownrigg,parent,965423332
Delmar,Hoyt,Viteaux,743967278,September 22 1950, ,KEOSAUQUA,IA,52565,February 17 1993,959403799,Normand Markwardt,spouse,119510369
Taina,Salvatore,Buschur,180266952,August 21 1962,11997 Fm 2187,COLVER,PA,15927,February 15 1996,170618568,Glendora Burkham,sibling,805939730
Jerri,John,Follman,963132977,January 28 1978, ,DALLARDSVILLE,TX,77332,December 10 1989,486110012,Lavonia Minister,other,729986597
Jeannie,Catrina,Eflin,107713191,June 6 1983,11182 Fm 1094,COLORADO SPGS,CO,80947,October 29 2005,439964845,Enola Ryu,friend,334255063
Luba,Jamison,Saglimben,757063509,October 9 1950,726 East Mill Street,RED CLIFF,CO,81649,August 22 2003,789211318,Lura Baik,friend,912615408
Regenia,Rodrigo,Hammers,628123299,September 5 1956,1035 West Austin Street,BOSTON,MA,2241,April 7 1987,962374176,Vickey Porten,parent,328676848
Gerardo,Yvone,Rainey,890057377,March 4 1977,822 North Meyer Street,LEMON GROVE,CA,91945,November 9 2003,861984870,Jeromy Volking,other,657542453
Vanessa,Catherina,Pugh,358411564,August 21 1950, ,SCHROEDER,MN,55613,April 14 1991,529442904,Milagros Cochenour,extended family,984993013
Leone,Nick,Pinzino,932472377,July 7 1973,3875 Highway 36,HIAWATHA,WV,24729,October 4 1994,636821061,Deon Kasey,extended family,119234865
Syble,Cindie,Nalder,462780368,June 15 1955,312 East Austin Street,ISLE,MN,56342,September 12 1992,467725696,Crystal Kermes,sibling,410918063
Noriko,Pam,Thurmon,734459408,October 2 1972,6445 Wiley Lane,NORTH WEYMOUTH,MA,2191,December 25 1987,514690885,Darcel Louck,friend,440926560
Joy,Tangela,Mastropaolo,628187274,July 2 1976,0 Krebs Road,SEBOOMOOK TWP,ME,4478,May 19 2007,517304186,Cayla Shult,sibling,875261810
Darrel,Stefania,Ulery,267960378,April 21 1987, ,REDKEY,IN,47373,September 23 1988,640755836,Louie Boch,friend,883314969
Jesusita,Wenona,Tritten,737293071,October 7 1990,223 North Fowlkes Street,WASHINGTON,DC,20570,January 12 1989,644021156,Estefana Grew,friend,780230591
Asley,Dale,Rienzo,422188870,May 20 1977,876 North Fowlkes Street,DUMONT,IA,50625,May 26 2011,483171099,Audrea Petty,spouse,959103015
Katelyn,Rowena,Shetrone,904005951,November 19 1971, ,POINT VENTURE,TX,78645,May 7 1999,767233665,Ina Bashinelli,friend,472960613
Aisha,Iona,Moen,501119478,July 1 1950,729 South Holland Street,GUYSIE,GA,31510,January 7 2008,886811237,Wai Medel,parent,929953402
Demetrius,Rory,Bump,244487252,February 10 1961,10638 Rocky Road,FORT WAYNE,IN,46853,May 20 2005,739541843,Kathy Harmison,extended family,638824598
Stanley,Kattie,Canterbury,568748756,October 5 1959,1453 Pin Oak Drive,SILVER RIDGE TWP,ME,4776,May 26 2003,510291807,Kellee Hutchcraft,spouse,828854729
Jamika,Brittany,Zeitz,460712861,January 11 1957,1780 Settlers Court Drive,HUNTINGTN BCH,CA,92615,April 23 2012,984148013,Nelly Forrester,extended family,541143874
Rosann,Misha,Sur,146889255,April 10 1961,11767 Raven Lane,LENGBY,MN,56651,May 28 2010,285634499,Cecile Daubendiek,friend,491777009
Jonell,Lyndsey,Kljucaric,400816853,February 10 1988,3376 Brooks Road,NAPLES,ID,83847,January 4 2009,403998601,Rosy Risko,extended family,880008640
Annabelle,Elias,Montayes,717287692,July 7 1993,0 Lazy River Drive,INDIAN CREEK,LA,71485,November 6 1997,673528409,Myra Olding,friend,366746925
Justin,Spencer,Rease,527844314,October 10 1986,0 Off Masonic Street,ORION TWP,MI,48362,February 26 1992,697804460,Dominic Fansher,friend,625729571
Trinidad,Xuan,Crawshaw,364625756,June 13 1970,4560 Bleiblerville Road,SALISBURY CTR,NY,13454,June 26 1998,492613186,Jewel Kempisty,sibling,175960387
Trent,Joe,Tregoning,609507699,September 12 1964,3570 Highway 159 West,HORNBROOK,CA,96044,December 26 1986,198005277,Alejandra Holecek,other,552221668
Marianna,Emiko,Groebner,617612046,September 7 1970,0 Off Bartlett Road,ARKDALE,WI,54613,October 22 2002,133729154,German Strickert,friend,733074934
Leanna,Lucille,Yongue,630316467,November 23 1991,4131 Cottonwood Street,PACIFICORP,OR,97256,March 5 1998,329760619,Nicolette Hannah,child,212999080
Sydney,Jerlene,Poon,573488622,February 11 1988,248 West Palm Street,HAYWARD,MN,56043,July 8 1990,495754702,Mellie Placencia,friend,820124296
Wendie,Magaret,Lattrell,604205541,October 22 1977,4159 Stokes Road,CARBONDALE,KS,66414,April 14 1999,346570642,Suk Koonce,spouse,501522453
Constance,Johnette,Dalby,396874168,March 28 1983,0 Neumann Road (Off Of),W MILTON,PA,17856,February 5 2012,500537323,Rosie Vondra,parent,749248511
Ned,Serina,Oyellette,321640880,November 18 1956,2532 Old Highway 36 Road,NY,NY,10286,February 8 1996,344048182,Rosann Dydell,sibling,850904607
Genie,Wanetta,Blachly,460406009,June 30 1978,1174 Oil Field Road,WATERFORD,MI,48329,March 14 1999,323506244,Chadwick Rich,sibling,627247508
Val,Stanford,Wlodyka,727178319,October 24 1977,12403 Malinowski Lane,FAIRBURY,NE,68352,August 15 1996,379012601,Dolores Ifversen,parent,711405299
Blossom,Jorge,Vegher,884018664,December 14 1978, ,STIDHAM,OK,74461,March 22 1998,462759634,Shiela Grabowiecki,other,395396679
Kory,Tomi,Romanik,679585562,December 7 1963,0 Highway 159 West,SUMMERFIELD,TX,79085,December 15 2006,915224725,Kandis Rathgeber,child,902125205
Deangelo,Alex,Grammatica,947240341,July 29 1993, ,CHARLOTTE,NC,28202,May 1 2009,322610199,Deborah Amorin,parent,483495613
Ruben,Twanna,Armesto,170828915,March 10 1950,105 Spence Lane,NEW SQUARE,NY,10977,April 23 2004,691937391,Jillian Pezzimenti,other,243674486
Kymberly,Kyoko,Oehrle,608369151,May 8 1956,647 West Meyer Street,BRIGANTINE CITY,NJ,8203,August 8 1996,103551429,Ela Campana,parent,832184152
Jaleesa,Arnoldo,Jojola,557345055,April 22 1970,418 Main Street,ISANTI,MN,55040,July 1 2001,227643002,Farrah Wickwire,friend,117613579
Meda,Alverta,Sowinski,703015930,January 21 1950,4035 Reinhardt Road,PAXTON,FL,32538,August 15 1999,826108818,Wenona Minhas,extended family,748514055
Raina,Destiny,Babcock,907857452,October 16 1959,0 Rubin Lee Road,EAST MOSS POINT,MS,39563,May 21 2014,263039392,Yuriko Beedy,parent,665847972
Leta,Marina,Douthett,797914274,April 19 1972, ,REXFORD,NY,12008,December 17 2004,713745212,Samuel Millwood,other,849912462
Yadira,Glynis,Kroetz,278302111,January 25 1997,0 Fordtran Boulevard,NEW TULSA,OK,74429,January 9 2007,246828576,Jewel Liska,parent,687051463
Joella,Mariette,Schwartzwalde,703183137,March 30 1981, ,STRINGTOWN,MO,64834,February 13 1988,173507044,Ladawn Lurry,parent,965253032
Dan,Kindra,Graniero,753868873,June 20 1974,229 Briarwood Drive,LAUREL SPRINGS,NJ,8021,May 1 1996,631465555,Cayla Mazzariello,other,629174138
Isidra,Marlyn,Rieker,154902004,January 17 1958,4202 Baron De Bastrop Street,DRIFTING,PA,16834,May 28 1996,531981577,Darron Steckelberg,extended family,128935932
